company_name,contact_email,email_quality,quality_reason,website,confirmed_url,status
13 Productions,contact@13prods.fr,medium,generic mailbox,https://www.13prods.fr,https://www.13prods.fr/,mailing_ready
7info,info@7info.ru,medium,generic mailbox,https://7info.ru,https://7info.ru,mailing_ready
A1 Agency,info@a1agency.ch,medium,generic mailbox,http://www.a1agency.ch,http://www.a1agency.ch/contact,mailing_ready
Academixer,info@academixer.com,medium,generic mailbox,https://www.academixer.com,https://www.academixer.com/,mailing_ready
Accent Hotels,info@accenthotels.com,medium,generic mailbox,https://accenthotels.com,https://accenthotels.com/en/contact,mailing_ready
Action Audio,contact@action-audio.com,medium,generic mailbox,https://action-audio.com,https://action-audio.com/,mailing_ready
Adult Talent Managers LA,info@atmla.com,medium,generic mailbox,https://atmla.com,https://atmla.com/,mailing_ready
ae group,info@ae-group.de,medium,generic mailbox,https://www.ae-group.de,https://www.ae-group.de/de/,mailing_ready
Agenzia Giornalistica Italia,info@agi.it,medium,generic mailbox,https://www.agi.it,https://www.agi.it,mailing_ready
Air Alliance Express,info@air-alliance.de,medium,generic mailbox,https://air-alliance.de,https://air-alliance.de/,mailing_ready
Aksari Resort Ubud,info@aksariubud.com,medium,generic mailbox,https://www.aksariubud.com,https://www.aksariubud.com,mailing_ready
Alam Kulkul Boutique Resort,info@alamkulkul.com,medium,generic mailbox,http://alamkulkul.com,http://alamkulkul.com,mailing_ready
Alde Gott,info@aldegott.de,medium,generic mailbox,https://www.aldegott.de,https://www.aldegott.de/,mailing_ready
Altenauer Brauerei,info@altenauer-brauerei.de,medium,generic mailbox,https://altenauer-brauerei.de,https://altenauer-brauerei.de,mailing_ready
Alter Ego Media,info@alteregomedia.org,medium,generic mailbox,https://www.alteregomedia.org,https://www.alteregomedia.org,mailing_ready
Amarea Resort Ubud,info@amareaubud.com,medium,generic mailbox,https://www.amareaubud.com,https://www.amareaubud.com,mailing_ready
Amasus Shipping,info@amasus.nl,medium,generic mailbox,https://www.amasus.nl,https://www.amasus.nl/,mailing_ready
Ambreus,info@ambreus.be,medium,generic mailbox,https://www.ambreus.be,https://www.ambreus.be/,mailing_ready
Ambulanz Mobile,info@ambulanzmobile.de,medium,generic mailbox,https://www.ambulanzmobile.de,https://www.ambulanzmobile.de/,mailing_ready
Ameriabank,info@ameriabank.am,medium,generic mailbox,https://ameriabank.am,https://ameriabank.am/contact-us,mailing_ready
America’s Kids,info@americaskids.com,medium,generic mailbox,https://www.americaskids.com,https://www.americaskids.com/,mailing_ready
Angeln-Bahn,info@angelner-dampfeisenbahn.de,medium,generic mailbox,http://www.angelner-dampfeisenbahn.de,http://www.angelner-dampfeisenbahn.de/,mailing_ready
Anthill Studios,info@anthillstudios.com,medium,generic mailbox,https://www.anthillstudios.com,https://www.anthillstudios.com/contact,mailing_ready
Aqualand Köln,info@aqualand.de,medium,generic mailbox,https://aqualand.de,https://aqualand.de,mailing_ready
AquaMagis Plettenberg,info@aquamagis.de,medium,generic mailbox,https://www.aquamagis.de,https://www.aquamagis.de/contact,mailing_ready
Arholma Nord,info@arholmanord.se,medium,generic mailbox,https://arholmanord.se,https://arholmanord.se/boende/,mailing_ready
Armenia Airways,info@armeniaairways.am,medium,generic mailbox,https://armeniaairways.am,https://armeniaairways.am,mailing_ready
Art Bar,info@artbar.com,medium,generic mailbox,https://www.artbar.com,https://www.artbar.com/,mailing_ready
Arthur Bryant's,contact@arthurbryantsbbq.com,medium,generic mailbox,http://www.arthurbryantsbbq.com,http://www.arthurbryantsbbq.com,mailing_ready
Astera Villa Canggu,info@asteracanggu.com,medium,generic mailbox,https://www.asteracanggu.com,https://www.asteracanggu.com,mailing_ready
AT-Prod,info@at-prod.com,medium,generic mailbox,https://at-prod.com,https://at-prod.com/contact,mailing_ready
Atomium,info@atomium.be,medium,generic mailbox,https://atomium.be,https://atomium.be/,mailing_ready
Aurora Productions,info@auroraprod.com,medium,generic mailbox,https://auroraprod.com,https://auroraprod.com/contact,mailing_ready
AutoLPGas,info@lpgauto.ge,medium,generic mailbox,https://lpgauto.ge,https://lpgauto.ge/contact,mailing_ready
Auvergne-Rhône-Alpes Cinéma,contact@auvergnerhonealpes-cinema.fr,medium,generic mailbox,http://www.auvergnerhonealpes-cinema.fr,http://www.auvergnerhonealpes-cinema.fr/,mailing_ready
AVU,info@avu.de,medium,generic mailbox,https://www.avu.de,https://www.avu.de/,mailing_ready
Ayona Villa,info@ayonavilla.com,medium,generic mailbox,https://www.ayonavilla.com,https://www.ayonavilla.com,mailing_ready
Azúr Drug store,info@azur.hu,medium,generic mailbox,https://www.azur.hu,https://www.azur.hu/,mailing_ready
Badeparadies Schwarzwald,info@badeparadies-schwarzwald.de,medium,generic mailbox,https://www.badeparadies-schwarzwald.de,https://www.badeparadies-schwarzwald.de,mailing_ready
Baka Stenugnsbageri,info@bakastenugnsbageri.se,medium,generic mailbox,https://bakastenugnsbageri.se,https://bakastenugnsbageri.se/,mailing_ready
Ballistol,info@ballistol.de,medium,generic mailbox,https://ballistol.de,https://ballistol.de/,mailing_ready
Bankovní identita,info@bankid.cz,medium,generic mailbox,https://www.bankid.cz,https://www.bankid.cz/,mailing_ready
Bartholet Maschinenbau,info@bartholet.swiss,medium,generic mailbox,https://www.bartholet.swiss,https://www.bartholet.swiss/de,mailing_ready
Basilico,info@basilicoeg.com,medium,generic mailbox,https://basilicoeg.com,https://basilicoeg.com/,mailing_ready
BAU-SYSTEME 92,info@bau92.hu,medium,generic mailbox,https://bau92.hu,https://bau92.hu/,mailing_ready
Bavaria Studios & Production Services,info@bavaria-studios.de,medium,generic mailbox,http://www.bavaria-studios.de,http://www.bavaria-studios.de/,mailing_ready
Bay’s - Asianfood & Sushi,info@bays-restaurant.de,medium,generic mailbox,https://www.bays-restaurant.de,https://www.bays-restaurant.de/,mailing_ready
Belgian Health Care Knowledge Centre,info@kce.fgov.be,medium,generic mailbox,https://kce.fgov.be,https://kce.fgov.be/contact-us,mailing_ready
Belgian National Orchestra,info@nationalorchestra.be,medium,generic mailbox,https://www.nationalorchestra.be,https://www.nationalorchestra.be/,mailing_ready
BeNEX,info@benex.de,medium,generic mailbox,https://benex.de,https://benex.de/,mailing_ready
BentBox,info@bentbox.co,medium,generic mailbox,https://bentbox.co,https://bentbox.co/cover,mailing_ready
BestFilm.eu,info@bestfilm.eu,medium,generic mailbox,https://www.bestfilm.eu,https://www.bestfilm.eu/,mailing_ready
Bildersturm Filmproduktion,info@bildersturm-film.de,medium,generic mailbox,https://www.bildersturm-film.de,https://www.bildersturm-film.de/,mailing_ready
Billion,info@bilioni.ge,medium,generic mailbox,https://bilioni.ge,https://bilioni.ge/,mailing_ready
Biotech Solution Company Limited,info@biotechng.com,medium,generic mailbox,https://www.biotechng.com,https://www.biotechng.com,mailing_ready
BIOVELA Group,info@biovela.lt,medium,generic mailbox,https://www.biovela.lt,https://www.biovela.lt/,mailing_ready
Biržų duona,info@birzuduona.lt,medium,generic mailbox,https://www.birzuduona.lt,https://www.birzuduona.lt/,mailing_ready
Black Angel,info@blackangel-halle.de,medium,generic mailbox,https://www.blackangel-halle.de,https://www.blackangel-halle.de,mailing_ready
Blitch Knevel Architects,info@blitchknevel.com,medium,generic mailbox,https://blitchknevel.com,https://blitchknevel.com/contact-us,mailing_ready
Bluemont New Zealand,info@bluemont.nz,medium,generic mailbox,https://www.bluemont.nz,https://www.bluemont.nz/,mailing_ready
Blueprint Media,info@bp-media.tv,medium,generic mailbox,https://www.bp-media.tv,https://www.bp-media.tv/,mailing_ready
Borough,info@boroughmpls.com,medium,generic mailbox,https://www.boroughmpls.com,https://www.boroughmpls.com/,mailing_ready
Bos Bros. Film & TV Productions,info@bosbros.com,medium,generic mailbox,http://www.bosbros.com,http://www.bosbros.com,mailing_ready
BrainWorks,contact@brainworks.tv,medium,generic mailbox,http://brainworks.tv,http://brainworks.tv/contact,mailing_ready
Brauerei Bosch,info@brauerei-bosch.de,medium,generic mailbox,http://www.brauerei-bosch.de,http://www.brauerei-bosch.de/,mailing_ready
Brauerei Faust Miltenberg,info@faust.de,medium,generic mailbox,https://faust.de,https://faust.de/,mailing_ready
BRAVE Management,info@bravemanagement.de,medium,generic mailbox,https://bravemanagement.de,https://bravemanagement.de,mailing_ready
Brewery De Troch,info@detroch.be,medium,generic mailbox,https://www.detroch.be,https://www.detroch.be/,mailing_ready
Brewery Strubbe,info@brouwerij-strubbe.be,medium,generic mailbox,https://www.brouwerij-strubbe.be,https://www.brouwerij-strubbe.be,mailing_ready
Brouwerij De Molen,info@brouwerijdemolen.nl,medium,generic mailbox,https://brouwerijdemolen.nl,https://brouwerijdemolen.nl/contact,mailing_ready
Brouwerij Kestemont,info@brouwerijkestemont.be,medium,generic mailbox,https://www.brouwerijkestemont.be,https://www.brouwerijkestemont.be/contact,mailing_ready
Brune-Mettcker Druck- und Verlagsgesellschaft,info@brune-mettcker.de,medium,generic mailbox,https://brune-mettcker.de,https://brune-mettcker.de/,mailing_ready
Båtshaket,info@batshaket.se,medium,generic mailbox,https://www.batshaket.se,https://www.batshaket.se/,mailing_ready
Cafe & Restaurant Spreewehrmühle,info@spreewehrmuehle.de,medium,generic mailbox,http://www.spreewehrmuehle.de,http://www.spreewehrmuehle.de/,mailing_ready
Café Libertad Kollektiv,info@cafe-libertad.de,medium,generic mailbox,https://www.cafe-libertad.de,https://www.cafe-libertad.de/,mailing_ready
CapeBio,info@capebiosa.com,medium,generic mailbox,https://capebiosa.com,https://capebiosa.com/,mailing_ready
Champagne Quatresols-Gauthier,contact@champagne-quatresols-gauthier.com,medium,generic mailbox,http://www.champagne-quatresols-gauthier.com,http://www.champagne-quatresols-gauthier.com/,mailing_ready
coopérative d'habitation des Moulins,contact@cooperativedesmoulins.ch,medium,generic mailbox,https://www.cooperativedesmoulins.ch,https://www.cooperativedesmoulins.ch/contact-us,mailing_ready
coopérative d’habitation du Chablais,contact@cohacha.ch,medium,generic mailbox,https://www.cohacha.ch,https://www.cohacha.ch/,mailing_ready
Federal Planning Bureau,contact@plan.be,medium,generic mailbox,https://www.plan.be,https://www.plan.be/contact,mailing_ready
Graphis,contact@graphis.ch,medium,generic mailbox,https://www.graphis.ch,https://www.graphis.ch,mailing_ready
Inkas Film Production,contact@inkasfilms.com,medium,generic mailbox,https://www.inkasfilms.com,https://www.inkasfilms.com/,mailing_ready
La Fabrique au Burkina Faso,contact@lafabrique-bf.com,medium,generic mailbox,https://www.lafabrique-bf.com,https://www.lafabrique-bf.com/,mailing_ready
Le Faham,contact@lefaham.com,medium,generic mailbox,https://lefaham.com,https://lefaham.com/,mailing_ready
Lester-Thompson Fine Art,contact@lesterthompsonfineart.com,medium,generic mailbox,https://www.lesterthompsonfineart.com,https://www.lesterthompsonfineart.com/,mailing_ready
librairie Vignes,contact@librairievignes.com,medium,generic mailbox,https://www.librairievignes.com,https://www.librairievignes.com/,mailing_ready
LTM Films,contact@ltmfilms.com,medium,generic mailbox,http://www.ltmfilms.com,http://www.ltmfilms.com/,mailing_ready
Maison Landemaine,contact@maisonlandemaine.com,medium,generic mailbox,https://maisonlandemaine.com,https://maisonlandemaine.com/,mailing_ready
Makansutra Gluttons Bay,contact@makansutra.com,medium,generic mailbox,https://makansutra.com,https://makansutra.com/,mailing_ready
Morphogenesis,contact@morphogenesis.org,medium,generic mailbox,https://www.morphogenesis.org,https://www.morphogenesis.org/,mailing_ready
Mother Production,contact@motherproduction.fr,medium,generic mailbox,https://www.motherproduction.fr,https://www.motherproduction.fr/contact,mailing_ready
NETexcom,contact@netexcom.com,medium,generic mailbox,https://www.netexcom.com,https://www.netexcom.com/,mailing_ready
Paydens,contact@paydens.com,medium,generic mailbox,https://www.paydens.com,https://www.paydens.com/,mailing_ready
Prolog Group,contact@prolog-group.com,medium,generic mailbox,https://www.prolog-group.com,https://www.prolog-group.com/en/,mailing_ready
ProSiebenSat.1 PULS 4,contact@prosiebensat1puls4.com,medium,generic mailbox,http://www.prosiebensat1puls4.com,http://www.prosiebensat1puls4.com/,mailing_ready
RockBridge Productions,contact@gorockbridge.com,medium,generic mailbox,http://www.gorockbridge.com,http://www.gorockbridge.com/,mailing_ready
VAPO,contact@vapo.co.nz,medium,generic mailbox,https://www.vapo.co.nz,https://www.vapo.co.nz,mailing_ready
Videolabs,contact@videolabs.io,medium,generic mailbox,https://videolabs.io,https://videolabs.io/,mailing_ready
W1TTY,contact@w1tty.com,medium,generic mailbox,https://www.w1tty.com,https://www.w1tty.com,mailing_ready
