company_name,contact_email,website,contact_url,signal_source_url
13 Productions,contact@13prods.fr,https://www.13prods.fr,https://www.13prods.fr/,https://www.13prods.fr/
7info,info@7info.ru,https://7info.ru,https://7info.ru,https://7info.ru
A1 Agency,info@a1agency.ch,http://www.a1agency.ch,http://www.a1agency.ch,http://www.a1agency.ch/contact
AT-Prod,info@at-prod.com,https://at-prod.com,https://at-prod.com/,https://at-prod.com/contact
AVU,info@avu.de,https://www.avu.de,https://www.avu.de/,https://www.avu.de/
Academixer,info@academixer.com,https://www.academixer.com,https://www.academixer.com/,https://www.academixer.com/
Accent Hotels,info@accenthotels.com,https://accenthotels.com,https://accenthotels.com/hu,https://accenthotels.com/en/contact
Action Audio,contact@action-audio.com,https://action-audio.com,https://action-audio.com/,https://action-audio.com/
Adult Talent Managers LA,info@atmla.com,https://atmla.com,https://atmla.com/,https://atmla.com/
Agenzia Giornalistica Italia,info@agi.it,https://www.agi.it,https://www.agi.it,https://www.agi.it
Air Alliance Express,info@air-alliance.de,https://air-alliance.de,https://air-alliance.de/,https://air-alliance.de/
Aksari Resort Ubud,info@aksariubud.com,https://www.aksariubud.com,https://www.aksariubud.com,https://www.aksariubud.com
Alam Kulkul Boutique Resort,info@alamkulkul.com,http://alamkulkul.com,http://alamkulkul.com,http://alamkulkul.com
Alde Gott,info@aldegott.de,https://www.aldegott.de,https://www.aldegott.de/,https://www.aldegott.de/
Altenauer Brauerei,info@altenauer-brauerei.de,https://altenauer-brauerei.de,https://altenauer-brauerei.de,https://altenauer-brauerei.de
Alter Ego Media,info@alteregomedia.org,https://www.alteregomedia.org,https://www.alteregomedia.org,https://www.alteregomedia.org
Amarea Resort Ubud,info@amareaubud.com,https://www.amareaubud.com,https://www.amareaubud.com,https://www.amareaubud.com
Amasus Shipping,info@amasus.nl,https://www.amasus.nl,https://www.amasus.nl/,https://www.amasus.nl/
Ambreus,info@ambreus.be,https://www.ambreus.be,https://www.ambreus.be/,https://www.ambreus.be/
Ambulanz Mobile,info@ambulanzmobile.de,https://www.ambulanzmobile.de,https://www.ambulanzmobile.de/,https://www.ambulanzmobile.de/
Ameriabank,info@ameriabank.am,https://ameriabank.am,https://ameriabank.am,https://ameriabank.am/contact-us
America’s Kids,info@americaskids.com,https://www.americaskids.com,https://www.americaskids.com/,https://www.americaskids.com/
Angeln-Bahn,info@angelner-dampfeisenbahn.de,http://www.angelner-dampfeisenbahn.de,http://www.angelner-dampfeisenbahn.de/,http://www.angelner-dampfeisenbahn.de/
Anthill Studios,info@anthillstudios.com,https://www.anthillstudios.com,https://www.anthillstudios.com/,https://www.anthillstudios.com/contact
AquaMagis Plettenberg,info@aquamagis.de,https://www.aquamagis.de,https://www.aquamagis.de,https://www.aquamagis.de/contact
Aqualand Köln,info@aqualand.de,https://aqualand.de,https://aqualand.de,https://aqualand.de
Arholma Nord,info@arholmanord.se,https://arholmanord.se,https://arholmanord.se/boende/,https://arholmanord.se/boende/
Armenia Airways,info@armeniaairways.am,https://armeniaairways.am,https://armeniaairways.am,https://armeniaairways.am
Art Bar,info@artbar.com,https://www.artbar.com,https://www.artbar.com/,https://www.artbar.com/
Arthur Bryant's,contact@arthurbryantsbbq.com,http://www.arthurbryantsbbq.com,http://www.arthurbryantsbbq.com,http://www.arthurbryantsbbq.com
As Talents,contact@astalents.fr,https://www.astalents.fr,https://www.astalents.fr/,https://www.astalents.fr/
Astera Villa Canggu,info@asteracanggu.com,https://www.asteracanggu.com,https://www.asteracanggu.com,https://www.asteracanggu.com
Atomium,info@atomium.be,https://atomium.be,https://atomium.be/,https://atomium.be/
Aurora Productions,info@auroraprod.com,https://auroraprod.com,https://auroraprod.com/,https://auroraprod.com/contact
AutoLPGas,info@lpgauto.ge,https://lpgauto.ge,https://lpgauto.ge,https://lpgauto.ge/contact
Auvergne-Rhône-Alpes Cinéma,contact@auvergnerhonealpes-cinema.fr,http://www.auvergnerhonealpes-cinema.fr,http://www.auvergnerhonealpes-cinema.fr/,http://www.auvergnerhonealpes-cinema.fr/
Ayona Villa,info@ayonavilla.com,https://www.ayonavilla.com,https://www.ayonavilla.com,https://www.ayonavilla.com
Azúr Drug store,info@azur.hu,https://www.azur.hu,https://www.azur.hu/,https://www.azur.hu/
BAU-SYSTEME 92,info@bau92.hu,https://bau92.hu,https://bau92.hu/,https://bau92.hu/
BIOVELA Group,info@biovela.lt,https://www.biovela.lt,https://www.biovela.lt/,https://www.biovela.lt/
BRAVE Management,info@bravemanagement.de,https://bravemanagement.de,https://bravemanagement.de,https://bravemanagement.de
Badeparadies Schwarzwald,info@badeparadies-schwarzwald.de,https://www.badeparadies-schwarzwald.de,https://www.badeparadies-schwarzwald.de,https://www.badeparadies-schwarzwald.de
Baka Stenugnsbageri,info@bakastenugnsbageri.se,https://bakastenugnsbageri.se,https://bakastenugnsbageri.se/,https://bakastenugnsbageri.se/
Ballistol,info@ballistol.de,https://ballistol.de,https://ballistol.de/,https://ballistol.de/
Bankovní identita,info@bankid.cz,https://www.bankid.cz,https://www.bankid.cz/,https://www.bankid.cz/
Bartholet Maschinenbau,info@bartholet.swiss,https://www.bartholet.swiss,https://www.bartholet.swiss/de,https://www.bartholet.swiss/de
Basilico,info@basilicoeg.com,https://basilicoeg.com,https://basilicoeg.com/,https://basilicoeg.com/
Bavaria Studios & Production Services,info@bavaria-studios.de,http://www.bavaria-studios.de,http://www.bavaria-studios.de/,http://www.bavaria-studios.de/
Bay’s - Asianfood & Sushi,info@bays-restaurant.de,https://www.bays-restaurant.de,https://www.bays-restaurant.de/,https://www.bays-restaurant.de/
BeNEX,info@benex.de,https://benex.de,https://benex.de/,https://benex.de/
Belgian Health Care Knowledge Centre,info@kce.fgov.be,https://kce.fgov.be,https://kce.fgov.be/,https://kce.fgov.be/contact-us
Belgian National Orchestra,info@nationalorchestra.be,https://www.nationalorchestra.be,https://www.nationalorchestra.be/,https://www.nationalorchestra.be/
BentBox,info@bentbox.co,https://bentbox.co,https://bentbox.co/cover,https://bentbox.co/cover
BestFilm.eu,info@bestfilm.eu,https://www.bestfilm.eu,https://www.bestfilm.eu/,https://www.bestfilm.eu/
Bildersturm Filmproduktion,info@bildersturm-film.de,https://www.bildersturm-film.de,https://www.bildersturm-film.de/,https://www.bildersturm-film.de/
Billion,info@bilioni.ge,https://bilioni.ge,https://bilioni.ge/,https://bilioni.ge/
Biotech Solution Company Limited,info@biotechng.com,https://www.biotechng.com,https://www.biotechng.com,https://www.biotechng.com
Biržų duona,info@birzuduona.lt,https://www.birzuduona.lt,https://www.birzuduona.lt/,https://www.birzuduona.lt/
Black Angel,info@blackangel-halle.de,https://www.blackangel-halle.de,https://www.blackangel-halle.de,https://www.blackangel-halle.de
Blitch Knevel Architects,info@blitchknevel.com,https://blitchknevel.com,https://blitchknevel.com/,https://blitchknevel.com/contact-us
Bluemont New Zealand,info@bluemont.nz,https://www.bluemont.nz,https://www.bluemont.nz/,https://www.bluemont.nz/
Blueprint Media,info@bp-media.tv,https://www.bp-media.tv,https://www.bp-media.tv/,https://www.bp-media.tv/
Borough,info@boroughmpls.com,https://www.boroughmpls.com,https://www.boroughmpls.com/,https://www.boroughmpls.com/
Bos Bros. Film & TV Productions,info@bosbros.com,http://www.bosbros.com,http://www.bosbros.com,http://www.bosbros.com
BrainWorks,contact@brainworks.tv,http://brainworks.tv,http://brainworks.tv/,http://brainworks.tv/contact
Brauerei Bosch,info@brauerei-bosch.de,http://www.brauerei-bosch.de,http://www.brauerei-bosch.de/,http://www.brauerei-bosch.de/
Brauerei Faust Miltenberg,info@faust.de,https://faust.de,https://faust.de/,https://faust.de/
Brewery De Troch,info@detroch.be,https://www.detroch.be,https://www.detroch.be/,https://www.detroch.be/
Brewery Strubbe,info@brouwerij-strubbe.be,https://www.brouwerij-strubbe.be,https://www.brouwerij-strubbe.be,https://www.brouwerij-strubbe.be
Brouwerij De Molen,info@brouwerijdemolen.nl,https://brouwerijdemolen.nl,https://brouwerijdemolen.nl/,https://brouwerijdemolen.nl/contact
Brouwerij Kestemont,info@brouwerijkestemont.be,https://www.brouwerijkestemont.be,https://www.brouwerijkestemont.be/,https://www.brouwerijkestemont.be/contact
Brune-Mettcker Druck- und Verlagsgesellschaft,info@brune-mettcker.de,https://brune-mettcker.de,https://brune-mettcker.de/,https://brune-mettcker.de/
Båtshaket,info@batshaket.se,https://www.batshaket.se,https://www.batshaket.se/,https://www.batshaket.se/
Cafe & Restaurant Spreewehrmühle,info@spreewehrmuehle.de,http://www.spreewehrmuehle.de,http://www.spreewehrmuehle.de/,http://www.spreewehrmuehle.de/
Café Libertad Kollektiv,info@cafe-libertad.de,https://www.cafe-libertad.de,https://www.cafe-libertad.de/,https://www.cafe-libertad.de/
CapeBio,info@capebiosa.com,https://capebiosa.com,https://capebiosa.com/,https://capebiosa.com/
Champagne Quatresols-Gauthier,contact@champagne-quatresols-gauthier.com,http://www.champagne-quatresols-gauthier.com,http://www.champagne-quatresols-gauthier.com/,http://www.champagne-quatresols-gauthier.com/
Federal Planning Bureau,contact@plan.be,https://www.plan.be,https://www.plan.be,https://www.plan.be/contact
Graphis,contact@graphis.ch,https://www.graphis.ch,https://www.graphis.ch,https://www.graphis.ch
Inkas Film Production,contact@inkasfilms.com,https://www.inkasfilms.com,https://www.inkasfilms.com/,https://www.inkasfilms.com/
LTM Films,contact@ltmfilms.com,http://www.ltmfilms.com,http://www.ltmfilms.com/,http://www.ltmfilms.com/
La Fabrique au Burkina Faso,contact@lafabrique-bf.com,https://www.lafabrique-bf.com,https://www.lafabrique-bf.com/,https://www.lafabrique-bf.com/
Le Faham,contact@lefaham.com,https://lefaham.com,https://lefaham.com/,https://lefaham.com/
Lester-Thompson Fine Art,contact@lesterthompsonfineart.com,https://www.lesterthompsonfineart.com,https://www.lesterthompsonfineart.com/,https://www.lesterthompsonfineart.com/
Maison Landemaine,contact@maisonlandemaine.com,https://maisonlandemaine.com,https://maisonlandemaine.com/,https://maisonlandemaine.com/
Makansutra Gluttons Bay,contact@makansutra.com,https://makansutra.com,https://makansutra.com/,https://makansutra.com/
Morphogenesis,contact@morphogenesis.org,https://www.morphogenesis.org,https://www.morphogenesis.org/,https://www.morphogenesis.org/
Mother Production,contact@motherproduction.fr,https://www.motherproduction.fr,https://www.motherproduction.fr/,https://www.motherproduction.fr/contact
NETexcom,contact@netexcom.com,https://www.netexcom.com,https://www.netexcom.com/,https://www.netexcom.com/
Paydens,contact@paydens.com,https://www.paydens.com,https://www.paydens.com/,https://www.paydens.com/
ProSiebenSat.1 PULS 4,contact@prosiebensat1puls4.com,http://www.prosiebensat1puls4.com,http://www.prosiebensat1puls4.com/,http://www.prosiebensat1puls4.com/
Prolog Group,contact@prolog-group.com,https://www.prolog-group.com,https://www.prolog-group.com/en/,https://www.prolog-group.com/en/
RockBridge Productions,contact@gorockbridge.com,http://www.gorockbridge.com,http://www.gorockbridge.com/,http://www.gorockbridge.com/
VAPO,contact@vapo.co.nz,https://www.vapo.co.nz,https://www.vapo.co.nz,https://www.vapo.co.nz
Videolabs,contact@videolabs.io,https://videolabs.io,https://videolabs.io/,https://videolabs.io/
W1TTY,contact@w1tty.com,https://www.w1tty.com,https://www.w1tty.com,https://www.w1tty.com
ae group,info@ae-group.de,https://www.ae-group.de,https://www.ae-group.de/de/,https://www.ae-group.de/de/
coopérative d'habitation des Moulins,contact@cooperativedesmoulins.ch,https://www.cooperativedesmoulins.ch,https://www.cooperativedesmoulins.ch/,https://www.cooperativedesmoulins.ch/contact-us
coopérative d’habitation du Chablais,contact@cohacha.ch,https://www.cohacha.ch,https://www.cohacha.ch/,https://www.cohacha.ch/
librairie Vignes,contact@librairievignes.com,https://www.librairievignes.com,https://www.librairievignes.com/,https://www.librairievignes.com/
